,features,coefficients
0,cbt_renal_creatinine_umolpl,-0.9058959019853129
1,age_diagnosis,-0.6098168904653639
2,bs_bmi,-0.7774725646957045
3,ep_1_oxygen_saturation_pre,0.44723090594616843
4,cbt_inflammation_crp_mgpl,-1.0
5,ec_right_atrial_area,-0.4574049234227626
6,walk_distance_6_min,-0.459490155134746
7,cbt_renal_potassium_mmolpl,0.33275914099624226
8,hv_pap_m,-0.5632212418464612
9,cbt_renal_sodium_mmolpl,0.4407143935763767
